I_D,FLAG_TSUNAMI,YEAR,MONTH,DAY,FOCAL_DEPTH,EQ_PRIMARY,LATITUDE,LONGITUDE,DEATHS
2566,,1900,1,11,,7.8,36.5,133.5,
2569,,1900,1,20,10,7.4,20,-105,
2571,,1900,5,16,60,7.8,20,-105,
2573,,1900,6,21,60,7.5,10,-85.5,
2575,,1900,7,29,33,7.6,-10,165,
6232,Tsu,1900,9,10,,6.8,-4,152,
2577,,1900,9,18,,7.9,4.6,-74,
6574,Tsu,1900,10,7,33,6.9,-4,140,
2580,,1900,10,9,,8.3,57.09,-153.48,
2583,Tsu,1900,10,29,25,8.4,11,-66,
2586,,1900,12,25,40,7.9,43,146,
2587,,1901,1,7,25,7.8,-2,-82,
9778,Tsu,1901,3,31,,7.2,43.4,28.5,4
2591,,1901,4,5,30,7.5,45,148,
2592,Tsu,1901,6,24,60,7.9,27,130,
2594,Tsu,1901,8,9,33,7.9,40.5,142.5,
2595,Tsu,1901,8,9,60,8.4,-22,170,
2596,Tsu,1901,8,9,33,8.2,40.6,142.3,18
9352,Tsu,1901,10,8,,7,11,-86.5,
2601,,1901,12,14,33,7.8,14,122,
2603,Tsu,1901,12,31,,7.8,51.45,-171.02,
2606,,1902,1,1,,7.8,52.4,-167.5,
2608,,1902,1,16,,7,17.6,-99.7,2
2610,,1902,1,24,60,7.8,-8,150,
2612,,1902,2,9,60,7.8,-20,-174,
2613,,1902,2,13,15,6.9,40.7,48.6,86
2614,Tsu,1902,2,26,,7,13.5,-89.5,
2618,Tsu,1902,4,19,33,7.5,14,-91,2000
2622,,1902,6,11,600,8,50,148,
2626,Tsu,1902,8,21,,7.3,7.5,123.5,
2631,,1902,8,22,30,7.7,39.88,76.2,2500
2634,,1902,9,22,33,8.1,18,146,
2635,,1902,9,23,100,7.8,16.6,-92.6,
2637,,1902,12,12,60,7.8,29,-114,
2641,,1903,1,4,400,8,-20,-175,
2642,,1903,1,14,33,7.7,15,-98,
2644,,1903,2,1,60,7.8,48,98,
2645,,1903,2,27,,8.1,-8,106,
2652,,1903,5,13,60,7.9,-17,168,
2656,Tsu,1903,6,2,,8.3,61.56,-158.54,
2658,,1903,8,8,,7.7,4.6,-74,
2660,,1903,8,11,100,7.8,36,23,2
2665,,1903,12,28,60,7.8,7,126,
2666,Tsu,1904,1,20,60,7.9,7,-79,
2667,,1904,3,18,40,7.6,42.5,145.8,
2670,,1904,4,4,15,7.5,41.8,23.2,
2671,,1904,4,4,15,7.8,41.8,23.2,
2676,,1904,6,7,350,7.9,40,134,
2678,Tsu,1904,6,25,30,8.3,52,159,
2679,Tsu,1904,6,25,30,8.1,52,159,
2682,,1904,6,27,60,7.9,52,159,
2683,Tsu,1904,8,8,33,7.5,-40.5,177,
2688,,1904,8,24,25,7.9,30,130,
2690,,1904,8,27,,8.3,64.66,-148.08,
2695,,1904,11,1,,7.7,-1,-80.5,
2700,Tsu,1904,12,20,60,7.2,9.2,-82.8,
10144,Tsu,1905,1,20,,6.8,9.85,-84.68,
2702,,1905,1,22,90,8.4,1,123,
2703,,1905,2,14,,7.9,50.73,-178.55,
2707,,1905,3,18,60,7.5,-27.5,-173,
2709,Tsu,1905,4,4,25,7.8,33,76,19000
2713,,1905,5,18,60,7.5,-4,149,
2717,,1905,6,2,100,7.8,34,132,11
2718,,1905,6,30,60,7.6,-1,-168,
2719,Tsu,1905,7,6,33,7,37.4,142.6,
2722,,1905,7,9,33,8.4,49,99,
2726,,1905,7,23,33,8.4,49,98,
2729,,1905,9,1,230,7.5,45,143,
2732,Tsu,1905,9,8,,7.9,39,16,557
2735,,1905,9,15,60,7.8,53,164,
2737,Tsu,1905,10,21,60,7.5,42,42,
2739,,1905,11,8,30,7.8,40.25,24.2,
2743,,1905,12,4,,6.8,38.1,38.6,
2744,,1906,1,21,340,8.4,34,138,
2748,Tsu,1906,1,31,25,8.6,1,-81.5,1000
2753,,1906,2,3,,7.7,3.5,-76.2,
2762,,1906,3,16,,6.8,23.6,120.5,1258
2764,,1906,4,10,60,7.5,19,-113.8,
2768,Tsu,1906,4,18,20,7.9,37.67,-122.48,700
2772,,1906,7,11,,7.7,4.6,-74,
2773,,1906,7,14,,7.7,4.6,-74,
2777,,1906,8,17,25,7.8,51.05,179.69,
2779,Tsu,1906,8,17,25,8.2,-33,-72,4000
2780,,1906,8,25,,6.8,9,38.4,
2782,Tsu,1906,9,14,33,8,-7,149,
2784,,1906,9,28,150,7.9,-2,-79,
2787,Tsu,1906,10,2,,7.2,-4,149,
2788,,1906,11,19,,7.8,-22,109,
2790,,1906,12,3,100,7.9,15,-61,
2794,,1906,12,22,33,8.3,43.5,85,280
2796,,1906,12,23,,7.6,56.85,-153.9,
2798,Tsu,1906,12,26,33,7.9,-18,-71,
2800,Tsu,1907,1,4,50,7.8,2,94.5,
2803,,1907,2,23,90,7.6,-13.2,-75.4,
6246,Tsu,1907,3,29,500,7.3,3,122,
2804,Tsu,1907,4,15,60,8.3,17,-100,8
2807,,1907,4,18,,7.6,14,123,2
7866,,1907,4,18,,7.4,13.5,123,
2808,,1907,5,4,60,7.7,-7.5,153.7,
2810,,1907,5,25,600,7.9,51.5,147,
2813,,1907,6,25,200,7.9,1,127,
2816,,1907,9,2,,7.8,52.59,-169.73,
2819,,1907,10,16,60,7.7,28,-112.5,
2821,,1907,10,21,35,7.4,38.5,67.9,12000
6249,Tsu,1907,12,15,33,7.4,-3.1,142.5,
6250,Tsu,1908,2,6,130,7.5,-2,100,
2832,,1908,3,5,,7.5,9,126,
2833,,1908,3,26,80,8.1,18,-99,
2835,,1908,3,27,,7.5,17,-101,
2836,,1908,5,5,,7.5,3,123,
6252,Tsu,1908,9,21,33,6.8,19,-155,
2838,,1908,10,23,220,7,36.5,70.5,
2840,,1908,11,6,40,7.6,45,150,
2844,Tsu,1908,12,12,33,8.2,-14,-78,
2842,,1908,12,12,,7.5,26.5,97,
2846,Tsu,1908,12,28,40,7,38.17,15.58,78000
2850,,1909,1,23,33,7.7,33,50,5500
2856,,1909,2,22,550,7.8,-18,-179,
2857,Tsu,1909,3,13,80,7.5,34.5,141.5,
2860,,1909,4,10,,7.8,52,175,
2861,,1909,4,14,,7.3,25,121.5,9
2868,Tsu,1909,6,3,40,7.6,-2,101,
2871,Tsu,1909,6,8,,7.6,-26.5,-70.5,
2876,,1909,7,7,230,8.1,36.5,70.5,
2884,Tsu,1909,7,30,,7.8,16.8,-99.8,
2886,Tsu,1909,8,14,33,6.9,35.4,136.3,41
2889,,1909,10,20,60,7.2,30,68,231
2893,,1909,11,10,190,7.9,32,131,
7993,,1909,11,21,,7.3,24.4,121.8,4
2895,,1909,12,9,,7.7,-10,165,
2894,Tsu,1909,12,9,100,8,12.5,145,
2898,,1910,1,1,60,7.5,17,-85,
2899,,1910,1,8,,6.8,35,122,
2900,,1910,2,12,350,7.4,33,138.5,
2901,,1910,4,12,200,7.8,25.5,122.5,60
2905,,1910,5,22,60,7.5,42,145,
2906,,1910,6,1,80,7.5,-20,169,
2909,,1910,6,16,100,7.9,-19,169.5,
2912,,1910,9,24,,6.9,16.8,-95.9,
9272,,1910,11,9,70,7.9,-16,166,
2914,Tsu,1910,11,10,90,7.2,-14,166.5,
2915,,1910,11,26,33,8,-8,167,
2916,,1910,12,13,,7.3,-8,31,2
2917,,1910,12,16,,7.5,4.5,126,
2919,,1911,1,3,25,7.7,43.5,77.5,450
7868,,1911,2,18,26,7.4,38.2,72.8,90
2928,,1911,5,4,240,7.6,51.8,156,
2932,,1911,6,7,11,7.9,17.5,-102.5,45
2935,Tsu,1911,6,15,160,8,28,130,12
2936,,1911,7,4,190,7.6,36,70.5,
2940,Tsu,1911,7,12,50,7.8,9,126,
2943,,1911,8,16,17,7.7,7,137,
6256,Tsu,1911,9,15,,7.3,-20,-72,
10027,,1911,9,22,60,6.9,60.5,-149,
2946,,1911,12,16,50,7.6,17,-100.7,
2948,,1912,1,24,60,7,38,20.5,
2949,,1912,5,6,60,7.5,64,-20,
2953,,1912,5,23,25,8,21,97,
2954,,1912,7,24,30,7,-5.62,-80.413,
2955,Tsu,1912,8,9,60,7.8,40.5,27.2,3000
2963,,1912,9,29,50,7.5,7,138,
6258,Tsu,1912,10,31,33,6.9,7,138,
2964,,1912,11,7,90,7.5,57.5,-155,
2966,,1912,11,19,,7.8,19.9,-99.8,
2967,,1912,12,7,620,7.5,-29,-62.5,
2969,,1913,1,19,120,7.5,46,152,
6259,Tsu,1913,2,22,33,6.8,-41.8,171.5,
2970,,1913,2,24,50,7.7,-3.4,-79.6,
2973,Tsu,1913,3,14,15,7.8,5.354,126.121,138
2975,,1913,4,25,60,7.7,9.5,127.8,
2976,,1913,5,30,60,7.5,-5,154,
2979,,1913,6,14,,6.8,43.5,25.5,
2982,,1913,6,26,33,7.6,-20,-174,
6260,Tsu,1913,7,28,30,7,-16.6,-73.3,
2985,,1913,8,1,60,7.7,47.5,155.5,
2987,Tsu,1913,8,6,33,7.9,-17,-74,
6261,Tsu,1913,10,11,33,7,-7,148,
2989,,1913,10,14,230,8.1,-19.5,169,
2992,,1913,11,10,80,7.5,-18,169,
2993,,1913,12,21,10,7,24.15,102.45,942
2994,Tsu,1914,1,12,,7.1,31.58,130.67,29
2997,,1914,1,30,33,7.6,-35,-73,
6578,Tsu,1914,2,26,130,7.2,-17,-72,
2999,,1914,3,15,33,7.2,39.2,139.8,94
3001,,1914,3,30,150,7.5,16.8,-92.2,
3005,Tsu,1914,5,26,15,8.1,-1.829,136.943,
3010,Tsu,1914,6,25,35,7.6,-3.924,101.82,20
3012,,1914,8,4,,7.5,43.5,91.5,1
3016,,1914,10,3,,7,37.82,30.27,4000
3019,,1914,10,23,60,7.6,6,132.5,
3020,,1914,11,24,110,8.1,22,143,
3025,,1915,1,13,10,7.5,42,13.5,29978
3028,,1915,2,28,60,7.7,23.6,123.5,
3029,,1915,5,1,25,8.1,47,155,
3032,,1915,6,6,160,7.6,-18.5,-68.5,
3034,,1915,7,31,20,7.3,53.5,163.3,
3037,Tsu,1915,9,7,80,7.9,14,-89,
3038,,1915,10,3,,7.6,40.5,-117.5,
3041,Tsu,1915,11,1,60,7.8,38.3,142.9,
7995,,1915,12,3,,7,29.5,91.5,170
3043,Tsu,1916,1,1,35,7.9,-4.739,152.548,
3046,,1916,1,13,30,8.1,-3,136,
3047,,1916,1,13,16,8.1,-3,135.5,
3049,,1916,1,24,33,7.8,41,37,
3050,,1916,2,1,33,8,29.5,131.5,
3051,,1916,2,6,60,7.7,48.5,178.5,
3052,,1916,2,27,60,7.5,11,-86,
3053,,1916,4,18,170,7.5,53.3,-170,
3054,,1916,4,21,60,7.8,33,141,
3055,,1916,4,24,80,7.2,18.5,-68,
3056,Tsu,1916,4,26,25,7,9.6,-82,
3057,,1916,6,21,600,7.5,-28.5,-63,
3058,,1916,8,3,60,7.5,-4,144.5,
3059,,1916,8,25,180,7.5,-21,-68,
3060,,1916,8,28,33,7.7,30,81,
3064,,1916,9,11,100,7.3,-9,113,
3066,,1916,10,31,60,7.7,46.5,160,
3076,Tsu,1917,1,30,40,7.8,56.5,163,
3081,Tsu,1917,5,1,,8,-29.2,-177,
3083,,1917,5,31,,7.9,54.79,-169.12,
3087,Tsu,1917,6,26,25,8.3,-15.5,-173,
3088,,1917,7,4,60,7.7,25,123,
3089,Tsu,1917,7,29,,7.7,-3,143.5,
3090,,1917,7,30,33,6.8,28,104,1800
3091,,1917,7,31,460,7.5,42.5,131,
3094,,1917,8,30,100,7.8,-7.5,128,
3095,,1917,8,31,40,7.3,4,-74,6
3099,Tsu,1917,11,16,60,7.5,-29,-177.5,
3102,,1917,12,29,33,7.7,15,-97,
3106,,1918,1,30,350,7.7,45.4,136.5,
3109,,1918,2,7,120,7.5,6.5,126.5,
3110,Tsu,1918,2,13,23,7.3,23.5,117.2,2000
3111,,1918,4,21,,6.8,33.7,-117,
3112,Tsu,1918,5,20,80,7.9,-28.5,-71.5,
3114,,1918,7,3,60,7.5,-3.5,142.5,
3115,,1918,7,8,60,7.6,24.5,91,
3116,Tsu,1918,8,15,33,8.3,5.5,123,46
3118,Tsu,1918,9,7,33,8.3,45.5,151.5,
3124,Tsu,1918,10,11,60,7.3,18.5,-67.5,
3125,Tsu,1918,11,8,25,7.8,44.5,151.5,
3128,,1918,11,18,190,8.1,-7,129,
3129,Tsu,1918,12,4,,7.8,-26,-71,
6580,Tsu,1919,1,1,33,7.4,8,126,
3133,Tsu,1919,1,1,180,8.3,-19.5,-176.5,
3136,Tsu,1919,4,30,25,8.1,-18.352,-172.515,
3137,,1919,5,3,60,7.6,40.5,145.5,
3140,Tsu,1919,5,6,35,7.8,-4.852,153.714,
3144,,1919,10,3,,6.9,-16.5,180,
3148,,1920,1,3,,7.8,19.26,-96.97,648
3150,Tsu,1920,2,2,60,7.7,-6.5,150,
3154,,1920,6,5,,8,23.5,122.7,5
6273,Tsu,1920,8,20,15,7,-38,-73.5,
3162,Tsu,1920,9,20,35,7.8,-19.919,168.53,
3165,Tsu,1920,12,16,25,8.3,36.601,105.317,200000
3170,,1921,2,4,120,7.5,15,-91,
3172,,1921,4,30,,7.7,19.7,-104.3,
3175,Tsu,1921,9,11,,7.5,-11,111,
3180,Tsu,1921,11,11,60,7.5,8,127,
3181,,1921,11,15,215,7.8,36.5,70.5,
3184,,1921,12,18,650,7.6,-2.5,-71,
6582,Tsu,1922,1,6,33,7.2,-16.5,-73,
3186,,1922,1,16,600,7.6,2.5,-71,
3187,,1922,1,17,650,7.6,-2.5,-71,
7461,Tsu,1922,1,19,,7.5,-7,143,
3189,,1922,1,31,,7.6,41,-125.5,
3198,Tsu,1922,9,1,,7.6,24.5,122,5
3200,,1922,10,11,,7.4,-16,-72.5,
3201,,1922,10,24,90,7.5,47,151.8,
3202,Tsu,1922,11,11,35,8.7,-28.553,-70.755,500
3205,,1922,12,6,230,7.5,36.5,70.5,
6280,Tsu,1923,1,22,,7.2,40.8,-124.5,
3212,Tsu,1923,2,3,19,8.3,54,161,
3214,,1923,2,24,,6.8,-0.4,-78.3,
3215,,1923,2,24,20,7.7,55,162.4,
6281,Tsu,1923,3,2,22,7.2,6.5,124,
3218,,1923,3,24,13,7.3,31.5,101,4800
3219,Tsu,1923,4,13,20,7.2,56.5,162.5,
6283,Tsu,1923,5,4,60,7,-28.75,-71.75,
3227,Tsu,1923,9,1,35,7.9,35.1,139.5,142807
3229,Tsu,1923,9,2,20,7.7,34.9,140.2,
3233,,1923,9,22,,6.9,29.2,56.9,290
3235,,1923,10,7,,7.5,-1.75,128.75,
6286,Tsu,1923,11,2,50,7.2,-4.5,151.5,
6287,Tsu,1923,11,4,,7.2,-5,152,
3244,,1924,3,3,,6.9,-1.6,-78.6,40
6288,Tsu,1924,3,15,15,6.8,49.179,142.436,
6290,Tsu,1924,4,14,33,8.3,6.5,126.5,
3247,Tsu,1924,6,26,,7.8,-56,157.5,
3248,,1924,6,30,120,7.6,44.737,147.416,
7997,,1924,7,3,33,7.3,36.8,83.8,100
3249,,1924,7,24,50,7.5,-49.5,159,
3250,Tsu,1924,8,30,33,7.3,8.5,126.5,
3252,,1924,9,13,,6.8,40,42,60
6295,Tsu,1925,2,23,,6.8,60,-146,
3261,,1925,3,16,26,7,25.7,100.4,5000
3263,,1925,3,22,50,7.6,-18.5,168.5,
6583,Tsu,1925,5,5,33,6.8,9.3,122.7,17
6543,Tsu,1925,5,15,50,7.1,-26,-71.5,
3267,,1925,5,23,,6.8,35.75,134.75,395
3270,,1925,6,29,10,6.8,34.418,-120.196,13
3277,,1925,10,13,60,7.5,11,-42,
3279,Tsu,1925,11,13,22,7.3,13,125,
6317,Tsu,1925,11,16,80,7,18.5,-107,
3284,,1926,4,12,60,7.5,-10,161,
3288,,1926,6,26,100,7.9,36.5,27.5,
3292,,1926,6,29,130,7.5,27,127,
6300,Tsu,1926,9,16,35,6.9,-9.674,159.519,
3294,,1926,10,3,50,7.9,-49,161,
3297,,1926,10,26,,7.9,-3.5,138.5,
3298,,1926,11,5,135,7,12.3,-85.8,
3306,Tsu,1927,3,7,10,7.3,35.6,135.1,3022
3315,,1927,5,22,27,7.6,36.75,102,40912
3321,,1927,7,1,120,7.3,36.75,22.75,
6301,Tsu,1927,8,5,10,6.9,37.9,142,
6584,Tsu,1927,8,18,20,6.9,34.2,142,
3329,,1927,8,24,,6.8,23,120.5,30
3330,Tsu,1927,9,11,17,6.8,44.4,34.5,11
7442,Tsu,1927,10,24,0,7.1,57.69,-136.07,
3335,Tsu,1927,11,4,10,7.3,34.813,-120.774,
6302,Tsu,1927,11,21,33,7.1,-44.6,-73,
6303,Tsu,1927,12,28,35,7.5,55.663,160.039,
3342,,1928,2,10,100,7.7,17.8,-97.6,
3346,,1928,3,9,33,8.1,-2.5,88.5,
3347,,1928,3,16,60,7.5,-22,170.5,
3348,Tsu,1928,3,22,60,7.7,15.67,-96.1,
3357,Tsu,1928,4,9,30,6.9,-13,-69.5,
3358,,1928,4,14,7,6.8,42.2,25.3,127
3361,,1928,4,16,,7.8,17.75,-97.1,
3363,,1928,4,18,10,7,42.1,25,
6077,Tsu,1928,4,27,,6.8,-13,-69.5,
3367,,1928,5,14,,7.3,-5,-78,29
3368,Tsu,1928,6,15,33,7,12.4,120.9,
3371,Tsu,1928,6,17,35,7.7,16.028,-97.036,4
6080,Tsu,1928,7,18,70,7,-5.5,-79,
3376,,1928,10,9,60,7.6,16,-97,
6081,Tsu,1928,11,20,33,7.1,-22.5,-70.5,
3378,Tsu,1928,12,1,25,7.6,-35,-72,279
3380,Tsu,1928,12,19,,7.3,7,124,93
3381,,1929,1,13,140,7.7,49.8,154.8,
3385,Tsu,1929,1,17,,6.9,10.5,-64.2,50
3387,,1929,2,1,220,7.1,36.5,70.5,
3389,Tsu,1929,3,7,50,7.8,51,-170,
3390,,1929,5,1,50,7.4,37.8,57.6,3800
6082,Tsu,1929,5,21,30,6.8,31.7,132.2,
6083,Tsu,1929,5,26,33,7,51,-131,
3395,Tsu,1929,6,13,,7.2,8.5,127,
3396,Tsu,1929,6,16,,7.5,-41.75,172.25,17
3398,,1929,6,27,10,7.8,-54,-29.5,
3402,,1929,10,19,100,7.5,-23,-69,
3403,Tsu,1929,11,18,18,7.3,44.69,-56,
3404,,1929,12,17,25,7.8,52.5,171.5,
3409,Tsu,1930,5,5,,7.3,17.3,96.5,500
3412,,1930,5,6,30,7.5,38.1,44.7,1360
3414,,1930,7,2,,7.1,25.5,90,
3431,,1930,11,25,19,7.1,35,139,259
3435,,1930,12,3,,7.3,18.2,96.4,36
3441,,1931,1,15,50,7.9,16.1,-96.8,
3443,,1931,1,27,60,7.6,25.6,96.8,
3450,Tsu,1931,2,2,35,7.7,-39.772,176.025,256
6092,Tsu,1931,2,13,,7.1,-39.5,177,
3454,,1931,3,8,120,6.9,41,22.5,
3457,Tsu,1931,3,9,60,7.7,40.5,142.5,
6093,Tsu,1931,3,18,33,7.1,-32.5,-72,
3458,,1931,3,19,,6.9,18.3,120.2,
7458,Tsu,1931,8,7,35,7,-3.417,142.077,
3470,,1931,8,10,25,8,47.1,89.8,10000
3472,,1931,8,27,60,7.4,29.8,67.3,
3475,,1931,9,21,20,7,36.1,139.2,16
6320,Tsu,1931,9,25,,7.4,-5,102.75,
3476,Tsu,1931,10,3,35,7.8,-10.932,161.016,
3478,,1931,10,10,50,7.7,-9.968,161.194,
3480,Tsu,1931,11,2,60,7.5,32,131.5,1
3483,,1932,1,20,100,6.8,-12,-77.5,
3487,,1932,5,14,,7.4,0.5,126,6
3489,,1932,5,21,90,7.6,12,-87.5,
3491,,1932,5,26,600,7.9,-25.5,179.2,
3492,Tsu,1932,6,3,60,8.1,19.5,-104.25,400
3496,Tsu,1932,6,18,54,7.9,19.452,-103.632,
3497,Tsu,1932,6,22,,6.9,19,-104.5,
3498,,1932,8,14,120,7,26,95.5,
6095,Tsu,1932,9,15,,6.8,-39,177.5,
3502,Tsu,1932,9,26,35,6.9,40.5,23.9,161
3504,,1932,11,2,,7.5,-32,-131.5,
3505,,1932,12,20,,7.2,38.7,-117.8,
3507,,1932,12,25,,7.6,39.7,96.7,275
3508,Tsu,1933,2,23,40,7.6,-20,-71,
3512,Tsu,1933,3,2,35,8.4,39.224,144.622,
3520,,1933,5,21,90,6.9,12,-87.5,
3521,,1933,6,24,,7.5,-5.5,104.8,
3522,,1933,8,25,,7.5,31.9,103.4,9300
6099,Tsu,1933,10,2,33,6.9,-2,-81,
10236,,1933,11,20,15,7.7,73.122,-70.014,
3528,Tsu,1934,1,15,35,8,26.773,86.762,10600
3530,Tsu,1934,2,14,22,7.9,17.5,119,
3531,,1934,3,5,60,7.5,-40.5,175.5,
3534,Tsu,1934,7,18,60,7.7,8,-82.5,
3536,Tsu,1934,7,18,35,7.8,-11.907,166.731,
6101,Tsu,1934,7,21,35,7.1,-11.139,165.503,
3537,Tsu,1934,11,30,5,7,18.5,-105.5,
5742,Tsu,1934,12,4,130,6.9,-19.5,-69.5,
3539,,1934,12,31,,7.1,31.8,-115.5,
3550,Tsu,1935,5,30,33,7.5,29.5,66.8,60000
3558,,1935,9,11,55,7.6,43,146.5,
3559,Tsu,1935,9,20,30,7.8,-3.824,141.416,
3565,,1935,12,15,60,7.6,-9.8,161,
3568,,1936,1,9,,7,1.1,-77.6,250
3569,,1936,2,7,,6.8,35.4,103.4,
3572,Tsu,1936,4,1,60,7.7,4.5,126.5,
3571,,1936,4,1,,6.8,22.5,109.4,
3573,,1936,4,26,,6.8,28.6,103.6,
3574,,1936,6,30,20,7.2,55,165,
6107,Tsu,1936,7,13,60,7.3,-24.5,-70,1
3581,,1936,8,22,,7.2,22.3,120.8,10
3582,Tsu,1936,8,23,,7.3,6.1,94.7,9
3585,Tsu,1936,11,13,,7.3,55.2,164,
3589,,1937,1,7,60,7.5,35.5,97.6,
3592,,1937,2,21,45,7.6,44.5,149.4,
3594,,1937,4,16,400,8.1,-21.5,-177,
3595,,1937,7,26,,7.7,18.8,-97.5,34
3596,,1937,7,31,,7,35.4,115.1,390
3598,Tsu,1937,8,20,60,7.5,14.5,121.5,1
3600,,1937,9,27,70,7.2,-9.4,110.2,1
3602,,1937,11,14,240,7.2,36.5,70.5,
8011,,1937,12,8,,7,22.9,121.2,
3603,,1937,12,23,60,7.5,16.7,-98.5,4
3609,Tsu,1938,2,1,25,8.5,-5.25,130.5,
3617,Tsu,1938,5,12,,7.5,-6,147.8,
3619,Tsu,1938,5,19,,7.6,-1,120,
3621,Tsu,1938,6,10,35,7.6,25.208,125.115,
3626,Tsu,1938,11,5,30,7.7,37.1,141.7,1
3627,Tsu,1938,11,5,30,7.6,37.2,141.7,
3628,Tsu,1938,11,6,0,7.5,37.5,142.2,
9844,Tsu,1938,11,6,0,7.1,37,141.7,
3629,Tsu,1938,11,10,25,8.2,55.48,-158.37,
8012,,1938,12,6,,7,22.9,121.5,
3632,Tsu,1939,1,25,60,8.3,-36.25,-72.25,30000
3635,Tsu,1939,1,30,35,7.7,-7.08,155.386,5
6340,Tsu,1939,4,18,100,7.4,-27,-70.5,
3637,Tsu,1939,4,30,35,7.9,-9.295,159.234,
3639,Tsu,1939,5,1,,7,40.1,139.5,27
3649,,1939,11,21,220,6.9,36.3,70.6,
6510,Tsu,1939,12,26,35,7.7,39.77,39.533,32700
3662,,1940,5,19,16,7.2,32.733,-115.5,9
3666,Tsu,1940,5,24,60,8.2,-10.5,-77,179
3669,,1940,7,14,65,7.4,52,178.2,
6343,Tsu,1940,8,1,10,7.5,44.2,139.5,
6323,Tsu,1940,10,4,75,7.3,-22,-71,
6344,Tsu,1940,10,11,33,7,-41.5,-74.5,
3673,,1940,11,10,150,7.3,45.8,26.8,1000
6345,Tsu,1941,1,13,15,7.4,-4.175,152.071,4
3678,,1941,4,15,60,7.9,18.9,-102.9,
8016,,1941,5,16,,7,23.6,99.4,
3681,Tsu,1941,6,26,55,7.6,12.5,92.5,
3688,Tsu,1941,11,18,10,7.4,32,132.1,
3690,Tsu,1941,11,25,,8.3,37.417,-18.983,
3691,Tsu,1941,12,5,,7.6,8.7,-83.2,6
6347,Tsu,1941,12,6,,6.9,8.5,-84,
3693,,1941,12,16,,7.1,23.3,120.3,319
3695,,1941,12,26,,7,22.7,99.9,
3696,,1942,2,1,,6.8,23.1,100.3,90
3697,,1942,4,8,25,7.8,13.5,121,
3699,,1942,5,14,30,7.9,-0.75,-81.5,200
3708,,1942,8,6,50,7.9,14,-91,
3710,Tsu,1942,8,24,60,8.2,-15,-76,30
3716,,1942,11,10,25,7.9,-49.5,32,
3725,,1942,12,20,,7.3,40.9,36.5,1000
8238,,1943,1,30,100,6.9,-2.1,-80.5,
3737,,1943,2,22,60,7.5,16.7,-101.5,11
3740,Tsu,1943,4,6,35,8.2,-30.75,-72,11
3744,,1943,5,25,33,8.1,7.5,128,
3745,,1943,6,9,50,7.6,-1,101,
3749,,1943,7,23,90,8.1,-9.5,110,213
3751,,1943,7,29,,7.8,19.3,-67.5,
3752,,1943,9,6,25,7.9,-53,159,
3755,,1943,9,10,10,7.4,35.3,133.9,1400
3758,,1943,9,14,50,7.5,-22,171,
3759,,1943,9,14,60,7.6,-30,-177,
3761,,1943,10,23,,7.2,21.5,93.5,
3762,,1943,11,6,60,7.6,-6,134.5,
3764,,1943,11,26,33,7.6,41,33.7,4020
3768,,1943,11,28,350,7.6,54.9,156.8,
3770,,1944,1,15,50,7.8,-31.5,-68.5,8000
3774,,1944,2,1,33,7.4,41.4,32.7,2381
8018,,1944,3,9,,7.2,44,84,3
3777,,1944,3,22,220,7.5,-8.5,123.5,
3779,,1944,5,25,60,7.5,-2.5,152.8,
8019,,1944,9,27,,7,39.1,75,
3787,,1944,10,5,120,7.5,-22.5,172,
3789,,1944,10,6,,6.8,39.4,26.7,30
3790,,1944,11,24,170,7.5,-19,169,
3791,Tsu,1944,12,7,30,8.1,34,137.1,1223
3797,Tsu,1945,1,12,,7.1,34.7,137.2,2306
3811,Tsu,1945,11,27,15,8,24.5,63,4000
3816,,1945,12,28,60,7.8,-6,150,
3822,Tsu,1946,4,1,15,8.6,53.492,-162.832,
6349,Tsu,1946,6,23,,7.3,49.87,-124.92,
3827,Tsu,1946,8,2,60,7.9,-26.5,-70.5,2
3828,Tsu,1946,8,4,15,7.9,19.25,-69,
3831,Tsu,1946,8,8,15,7.5,19.5,-69.5,
3832,,1946,9,12,60,7.5,23.9,96.2,
3833,,1946,9,12,60,7.8,23.9,96.2,
3834,,1946,9,29,60,7.7,-4.5,153.5,
6351,Tsu,1946,9,30,70,7,-14,-76.25,
3835,,1946,11,2,35,7.6,41.5,72.5,
3837,,1946,11,4,26,7.5,39.3,55.4,400
3839,,1946,11,10,12,7.3,-8.5,-77.5,800
3841,,1946,12,4,,6.8,23.1,120.3,58
3845,Tsu,1946,12,20,20,8.1,33,135.6,1362
3851,,1947,3,17,,7.7,33.3,99.5,
6353,Tsu,1947,3,25,12,7.1,-38.85,178.87,
3853,,1947,5,6,33,7.3,-6.5,148.5,
6354,Tsu,1947,5,17,12,6.9,-38.42,178.88,
3857,,1947,7,29,60,7.9,28.5,94,
3858,,1947,8,5,,7.6,25.5,63,
3863,,1947,9,23,,6.9,33.4,58.7,500
3864,Tsu,1947,10,6,28,6.9,37,22,3
3866,,1947,11,1,100,7.3,-10.5,-75,233
6355,Tsu,1947,11,4,33,7,43.8,141,
3869,Tsu,1948,1,24,33,8.3,10.5,122,72
3871,Tsu,1948,2,9,30,7.1,35.5,27,
3872,,1948,3,1,60,7.9,-3,127.5,
3875,,1948,5,11,60,7.1,-17.4,-71,1
3877,,1948,5,14,25,7.5,54.5,-161,
3878,,1948,5,25,18,7.3,29.5,100.5,800
3880,,1948,5,28,55,6.8,-13.1,-76.2,4
3881,,1948,6,27,,6.8,26.4,99.7,110
3884,,1948,6,28,20,7.3,36.5,136,5131
3889,Tsu,1948,9,8,25,7.9,-21,-174,
3891,,1948,10,5,18,7.3,37.95,58.32,110000
3894,Tsu,1948,12,4,,6.9,22,-106,4
6357,Tsu,1948,12,26,100,7,-22.5,-69,
8023,,1949,2,23,,7.3,42,84,21
3897,,1949,3,4,230,7.5,36,70.5,
3898,Tsu,1949,4,13,,7,47.167,-122.617,8
3901,Tsu,1949,4,20,70,7.3,-38,-73.5,57
3905,,1949,7,10,16,7.4,39.2,70.8,3500
3914,,1949,8,5,60,6.8,-1.5,-78.2,6000
3916,,1949,8,6,70,7.5,-18.5,-174.5,
3917,,1949,8,17,,6.8,39,40.5,320
3921,Tsu,1949,8,22,25,8.1,53.62,-133.27,
6360,Tsu,1949,10,19,60,7.5,-5.5,154,
3926,Tsu,1949,12,17,33,7.8,-54,-71,1
3927,Tsu,1949,12,17,33,7.8,-54,-71,3
3929,Tsu,1949,12,29,,7.2,17,121.63,
6588,Tsu,1950,1,30,33,7,-53.5,-71.5,
8025,,1950,2,2,,7,21.7,100.1,
3935,,1950,2,28,340,7.9,46,144,
3938,,1950,5,16,250,7.9,-15,-69.5,
3948,Tsu,1950,8,3,8,6.8,10.5,-68,100
3949,,1950,8,5,60,6.8,-1.5,-78.2,
3950,Tsu,1950,8,15,33,8.6,28.5,96.5,1530
3954,Tsu,1950,10,5,60,7.7,11,-85,
3955,Tsu,1950,10,8,60,7.6,-3.8,128.3,
6362,Tsu,1950,10,23,65,7.5,14.31,-91.917,
3956,,1950,11,2,60,8.1,-6.5,129.5,
6363,Tsu,1950,11,8,33,7.3,-10,159.5,
3957,,1950,11,17,,6.8,16.5,-100.4,
3959,,1950,12,2,60,7.8,-18.25,167.5,
3961,,1950,12,9,100,8,-23.5,-67.5,1
3962,Tsu,1950,12,10,80,7,-14.25,-75.75,4
3966,,1950,12,14,200,7.7,-19.5,-176,
3964,Tsu,1950,12,14,50,7.5,16.48,-98.22,
3968,,1951,3,19,,7.8,9.5,127.3,
3972,,1951,5,16,250,7.9,-15,-69.5,
3980,Tsu,1951,8,21,60,6.9,19.7,-156,
3982,Tsu,1951,10,22,21,7.3,23.8,121.7,68
3984,,1951,11,18,25,7.5,31.1,91.4,
3985,,1951,11,24,,7.5,22.9,121.5,17
3987,,1951,12,8,25,7.9,-34,57,
3991,,1952,2,26,,7.5,-14.1,-69.9,
3993,Tsu,1952,3,4,45,8.1,42.15,143.85,33
3995,Tsu,1952,3,9,,7.1,41.7,142.5,
3996,Tsu,1952,3,19,,7.8,9.5,127.25,
9916,Tsu,1952,7,13,260,6.8,-18.5,169.25,
3999,,1952,7,21,16,7.7,35,-119.017,12
8032,,1952,9,30,,6.8,28.3,102.2,
4007,Tsu,1952,11,4,22,9,52.755,160.057,
4014,,1953,3,18,,7.5,40,27.5,1070
4020,Tsu,1953,4,23,35,7.4,-4.449,152.868,
4021,Tsu,1953,5,6,60,7.6,-36.5,-72.5,9
6367,Tsu,1953,5,31,33,7.2,19.8,-70.7,
4023,,1953,7,2,223,7.5,-19,169,
4026,,1953,8,11,33,6.8,38.1,20.6,
4029,Tsu,1953,8,12,,7.2,38.3,20.8,476
9959,,1953,11,4,35,7.5,-13.189,166.516,
4032,Tsu,1953,11,25,60,7.4,34,141.7,1
4033,,1953,12,7,128,7.4,-22.1,-68.7,3
4034,Tsu,1953,12,12,30,7.4,-3.4,-80.6,6
8036,Tsu,1954,2,11,,7.3,39,101.3,
4042,,1954,3,21,180,7.4,24.5,95.3,
4043,,1954,3,29,640,7,37,-3.5,
4044,,1954,4,20,,7,39.8,22.1,25
4045,,1954,4,29,,7.5,29.5,-29.5,
4046,,1954,4,30,,7,39.3,22.2,31
4049,,1954,7,2,,6.8,13,123.9,13
4050,,1954,7,6,,6.8,39.4,-118.5,
8039,,1954,7,31,,7,38.8,104.2,
4052,,1954,8,23,,6.8,39.6,-118.5,
4059,,1954,11,2,,6.8,-8,119,
4060,,1954,12,16,,7,39.3,-118.2,
4062,,1955,2,27,60,7.8,-28,-175.5,
4066,,1955,3,31,96,7.6,8.1,123.2,400
4070,,1955,4,14,,7.5,30,101.8,39
8041,,1955,4,15,,7,39.9,74.6,
4073,Tsu,1955,4,19,30,7.1,-30,-72,
6370,Tsu,1955,5,17,,7.3,6.5,94,
4076,,1955,7,16,,6.8,37.5,27,4
8029,Tsu,1955,9,23,10,6.8,26.6,101.8,
6372,Tsu,1955,10,10,33,7.3,-5,152.5,
9782,Tsu,1956,1,8,,7.1,-19,-70,
4087,,1956,1,10,,7.7,-20,-175,
4089,,1956,1,16,,7.3,-0.5,-80.5,
4090,,1956,1,24,,7.3,12.2,-86.7,
4096,,1956,5,23,430,7.5,-15,-179,
4099,,1956,6,9,60,7.6,35.1,67.5,100
4100,Tsu,1956,7,9,20,7.8,36.9,26,53
7771,Tsu,1956,7,9,,6.8,36.8,25.2,
4101,,1956,7,16,39,7,22.2,95.7,38
4102,,1956,7,18,190,7.5,-5.5,130,
4105,,1956,10,11,110,7.6,46,150.5,
4107,,1956,10,31,,6.8,27.2,54.4,347
4112,,1957,2,23,69,7.2,23.9,121.6,11
4114,,1957,3,8,,7,39.4,22.8,2
4116,Tsu,1957,3,9,33,8.6,51.292,-175.629,
4118,,1957,3,22,,7.5,55,-165.2,
4120,,1957,4,14,60,7.5,-15.5,-173,
4121,,1957,4,16,600,7.5,-4.6,107.1,
4123,,1957,4,24,,6.9,36,28.5,
4125,,1957,4,25,18,7.1,36.4,28.7,18
4130,,1957,5,26,,7.1,40.7,30.9,500
4132,Tsu,1957,6,22,33,7.3,-1.5,137,
4134,,1957,6,27,15,7.6,56.2,116.4,
4139,Tsu,1957,7,28,25,7.9,16.5,-99.1,65
6546,Tsu,1957,7,29,33,7,-23.5,-71.5,
4143,,1957,9,24,60,7.6,5.5,127.5,
4144,,1957,9,28,549,7.5,-20.4,-178.5,
4147,,1957,11,29,170,7.8,-21,-66,
4149,,1957,12,4,33,8.1,45.5,99.5,30
4150,,1957,12,13,,7.1,34.3,47.8,1200
4154,,1957,12,17,120,7.8,-12.3,166.7,
4157,,1958,1,15,60,7.3,-16.5,-72,28
4160,Tsu,1958,1,19,60,7.6,1.5,-79.5,111
4165,,1958,3,11,70,7.5,25,125,
4167,Tsu,1958,7,10,35,7.8,58.37,-136.665,
4170,,1958,7,26,620,7.5,-13.5,-69,
4175,,1958,9,4,,6.8,-33.785,-70.112,7
4179,Tsu,1958,11,6,40,8.3,44.53,148.54,
6384,Tsu,1959,2,7,19,7.4,-4,-81.5,
4188,,1959,4,26,150,7.5,24.78,122.7,2
4192,Tsu,1959,5,4,60,8.2,52.5,159.5,1
4194,,1959,5,24,100,6.8,17,-96.3,
4195,,1959,6,14,112,7.5,-20.369,-68,1
4196,,1959,6,18,15,7,53.9,160.5,
4197,,1959,8,15,60,7,22.18,121.13,16
4198,Tsu,1959,8,17,,7.3,-7.5,156,
4199,Tsu,1959,8,18,5,7.7,44.712,-111.215,28
4201,,1959,8,26,,6.9,18.3,-94.4,25
4205,,1959,9,14,60,7.7,-28.5,-177,
6386,,1959,10,27,70,7.2,45.89,151.11,
4211,Tsu,1960,1,13,160,7.8,-15.75,-72.75,63
4213,,1960,1,15,150,7,-15,-75,63
6387,Tsu,1960,3,20,20,7.5,39.8,143.4,
4223,Tsu,1960,5,21,35,8.2,-37.872,-73.243,
4227,Tsu,1960,5,22,33,9.5,-38.143,-73.407,2000
6390,Tsu,1960,11,1,55,7.4,-38.5,-75.1,
8057,,1960,11,9,,6.8,32.7,103.7,
4237,,1961,2,4,141,7.6,24.9,93.34,
4238,Tsu,1961,2,26,74,7.3,31.6,131.8,2
4239,,1961,3,7,40,7.5,-28.3,-175.7,
8059,,1961,4,13,,6.8,39.8,77.7,
6398,Tsu,1961,7,23,35,7.3,-18.421,168.411,
4248,,1961,8,19,,7.3,36,136.7,10
4249,,1961,8,31,629,7.5,-10.5,-70.7,
4250,,1961,9,1,131,7.5,-59.5,-27.3,
4251,,1961,9,5,,7.7,-58,-27,
4252,,1961,9,8,105,7.7,-56.26,-27.283,
4254,,1961,12,20,176,6.9,4.6,-75.6,23
4257,,1962,2,14,45,7.3,-37.8,-72.5,
6403,Tsu,1962,3,12,35,6.8,8.008,-82.757,
6404,Tsu,1962,4,12,25,7.2,38.073,142.741,
4264,,1962,4,30,104,6.8,38.8,140.9,1
4265,Tsu,1962,5,11,40,7,17.2,-99.6,4
4266,Tsu,1962,5,19,33,7.2,17.2,-99.5,3
8064,,1962,5,21,,6.8,37.1,96,
4268,,1962,7,26,21,7.4,7.5,-82,
4270,,1962,7,30,69,6.8,5.2,-76.4,47
4273,,1962,8,28,100,6.8,37.8,22.9,1
4276,,1962,9,1,27,7.2,35.63,49.87,12225
4283,Tsu,1963,2,13,47,7.3,24.5,122.1,15
4287,,1963,3,24,40,7.2,34.4,47.9,100
4290,,1963,3,31,33,7,37,57.9,4
8068,,1963,4,19,,7,35.7,97,
4300,,1963,8,15,543,7.7,-13.8,-69.3,
9960,,1963,9,15,35,7.5,-10.472,165.77,
9961,,1963,9,17,28,7.5,-10.286,165.413,
4303,Tsu,1963,9,24,75,7,-10.385,-78.022,1
6407,Tsu,1963,10,12,48,7.1,44.426,149.272,
4304,Tsu,1963,10,13,13,8.5,44.77,149.798,
4305,Tsu,1963,10,20,28,7.9,44.772,150.563,
4306,,1963,11,4,100,8.3,-6.86,129.58,
6327,Tsu,1963,12,18,45,7.5,-24.8,-176.6,
4308,,1964,1,18,33,7,23.2,120.6,107
4311,Tsu,1964,3,28,33,9.2,61.017,-147.648,15
4313,Tsu,1964,4,2,130,7,5.9,95.7,
6547,Tsu,1964,5,7,30,6.9,40.3,139,
4322,Tsu,1964,6,16,40,7.5,38.65,139.2,26
4324,,1964,7,5,,7.5,-15.5,166.5,
4326,,1964,7,6,100,7.4,18.3,-100.4,78
6594,Tsu,1964,7,24,15,6.8,47.159,153.876,
4329,,1964,10,6,15,7,40.3,28.2,19
4331,Tsu,1964,11,17,45,7.6,-5.7,150.7,
4334,Tsu,1965,1,24,6,7.6,-2.4,126.1,71
4337,Tsu,1965,2,4,36,8.7,51.29,178.55,
6411,Tsu,1965,2,23,36,7,-25.67,-70.63,
4343,,1965,3,14,219,7.3,36.3,70.7,
4345,,1965,3,28,61,7.3,-32.4,-71.2,400
4347,Tsu,1965,3,30,20,7.6,50.32,177.93,
4349,,1965,3,31,78,7.1,38.6,22.4,6
6413,Tsu,1965,6,11,,7.2,44.7,148.7,
6416,Tsu,1965,8,11,13,7.6,-15.8,167.2,
6595,Tsu,1965,8,13,33,7.3,-15.9,166.8,
4356,Tsu,1965,8,23,28,7.8,16.3,-95.8,6
4359,,1966,3,7,8,7.4,37.35,114.92,
4360,Tsu,1966,3,12,48,8,24.1,122.6,7
4362,,1966,3,20,36,7,0.6,30.2,140
4364,,1966,3,22,15,7.6,37.5,115.1,
4368,Tsu,1966,6,15,31,7.1,-10.343,160.883,
4376,,1966,8,19,24,6.8,39.2,41.6,2394
4381,Tsu,1966,10,17,38,8.1,-10.748,-78.638,110
4383,Tsu,1966,12,28,47,7.8,-25.5,-70.7,3
4386,Tsu,1966,12,31,83,7.8,-11.893,166.445,
7445,Tsu,1966,12,31,23,7.2,-12.334,166.684,
4388,,1967,1,5,35,7.5,48.1,102.8,
4391,,1967,2,9,60,6.8,2.9,-74.9,98
4394,,1967,2,19,80,6.8,-9.2,113.1,54
6596,Tsu,1967,3,19,38,7,45.53,151.11,
4403,,1967,7,22,4,7.3,40.7,30.8,86
4407,,1967,7,29,161,6.8,6.8,-73,20
7974,,1967,8,30,10,6.8,31.6,100.3,
6420,Tsu,1967,9,3,40,7,-10.6,-79.8,
4416,,1967,10,25,65,7,24.5,122.2,2
6630,Tsu,1967,12,21,33,7.5,-21.7,-69.5,1
6422,Tsu,1968,1,29,40,7.3,43.586,146.701,
4427,,1968,2,12,74,7.8,-5.5,153.2,
4428,Tsu,1968,2,19,15,7.2,39.368,24.957,20
4431,,1968,2,28,,7.6,37.7,-29.4,
4432,Tsu,1968,4,1,30,7.5,32.3,132.5,1
4438,Tsu,1968,5,16,7,8.2,40.8,143.2,52
4439,Tsu,1968,5,16,33,7.5,41.5,142.7,
4440,,1968,5,23,21,7.1,-41.7,172,3
4441,,1968,5,28,65,7.7,-2.9,139.3,
4443,Tsu,1968,6,12,44,7.2,39.4,143.1,
4445,,1968,6,19,33,7,-5.6,-77.2,15
4447,Tsu,1968,7,25,60,7.3,-30.8,-178.4,
4448,Tsu,1968,8,1,36,7.3,16.5,122.2,270
4451,,1968,8,2,36,7.5,16.5,-97.8,18
4452,Tsu,1968,8,10,25,7.6,1.4,126.2,
4454,Tsu,1968,8,14,23,7.4,0.2,119.8,
4456,,1968,8,31,13,7.3,34,59,10488
4466,,1968,10,7,516,7.5,26.3,140.6,
4468,,1968,10,14,5,6.9,-31.6,117,
4469,,1968,10,23,21,7.5,-3.4,143.3,
4472,,1969,1,5,47,7.5,-7.9,158.9,
4473,,1969,1,19,204,7.6,45,143.2,
4474,,1969,1,30,70,7.5,4.8,127.4,
4476,Tsu,1969,2,23,13,7.4,-3.1,118.9,64
4477,Tsu,1969,2,28,22,7.8,36.017,-10.95,13
4486,Tsu,1969,3,31,33,7,27.7,34,2
4489,,1969,7,18,6,7.4,38.2,119.4,
4494,Tsu,1969,8,11,30,8.2,43.6,147.9,
4508,,1969,11,21,20,7.7,2.1,94.6,
4509,Tsu,1969,11,22,51,7.3,57.7,163.6,
4511,Tsu,1969,12,25,7,7.2,15.8,-59.7,
4513,,1970,1,4,31,7.8,24.1,102.5,10000
4514,Tsu,1970,1,10,73,7.6,6.8,126.7,
4515,,1970,2,5,11,7.1,12.6,122.1,3
4523,,1970,3,28,20,7.4,39.2,29.5,1086
4526,Tsu,1970,4,7,40,7.3,15.78,121.71,15
4531,Tsu,1970,5,31,43,7.9,-9.2,-78.8,66794
4538,,1970,6,11,33,7.6,-59.1,157.8,
4539,,1970,6,24,12,7.5,51.8,-131,
6430,Tsu,1970,7,25,34,7,32.2,131.7,
4544,,1970,7,31,651,7.1,-1.5,-72.6,1
9962,,1970,8,11,39,7.5,-14.095,166.57,
4550,Tsu,1970,10,31,8,7.3,-4.907,145.471,15
4551,,1970,12,10,25,7.6,-4,-80.7,82
4554,,1971,1,10,34,8.1,-3.1,139.7,
4555,,1971,2,4,40,7.1,0.6,98.8,
6433,Tsu,1971,5,2,43,7.1,51.4,-177.2,
4572,Tsu,1971,7,9,58,7.8,-32.5,-71.2,83
4574,Tsu,1971,7,14,47,7.9,-5.5,153.9,2
4576,Tsu,1971,7,26,48,7.9,-4.9,153.2,
6434,Tsu,1971,8,2,51,7.3,41.4,143.5,
4582,Tsu,1971,9,5,9,7.1,46.5,141.2,
6437,Tsu,1971,9,25,115,7,-6.5,146.6,
4586,,1971,10,27,40,7.1,-15.5,167.2,1
4588,Tsu,1971,12,15,33,7.8,56,163.3,
4589,,1972,1,4,33,7.6,22.6,122.1,
4590,Tsu,1972,1,25,33,7.5,22.5,122.3,1
4591,,1972,1,25,33,7.7,23,122.2,
4595,Tsu,1972,2,29,56,7.2,33.3,140.8,
4600,,1972,4,10,11,6.9,28.4,52.8,30000
4603,,1972,4,24,33,6.9,23.6,121.6,4
4604,,1972,4,25,50,7.2,13.4,120.3,
4605,,1972,6,11,325,7.8,3.9,124.3,
4609,Tsu,1972,7,30,25,7.6,56.82,-135.68,
6441,Tsu,1972,8,17,10,7.1,-6,152.9,
4615,,1972,11,2,32,7,-20,168.8,
4616,Tsu,1972,12,2,73,7.4,6.5,126.6,
4617,Tsu,1972,12,4,66,7.4,33.3,140.7,
4622,Tsu,1973,1,30,43,7.5,18.48,-103,56
4624,,1973,2,6,33,7.6,31.4,100.58,
4629,Tsu,1973,2,28,27,7.2,50.5,156.6,
4632,Tsu,1973,3,17,33,7.5,13.4,122.8,15
4638,Tsu,1973,6,17,48,7.7,43.2,145.8,
4639,Tsu,1973,6,24,50,7.1,43.3,146.4,
4640,,1973,7,14,33,7.5,35.18,86.48,
4645,,1973,10,6,33,7.5,-60.82,-21.55,
4651,,1973,12,28,26,7.5,-14.46,166.6,
4652,,1973,12,29,47,7.2,-15.12,166.9,
6443,Tsu,1974,1,31,34,7,-7.5,155.9,
6598,Tsu,1974,2,1,40,7.1,-7.4,155.6,
4658,,1974,5,10,11,7.1,28.24,104.01,20000
4663,,1974,7,13,12,7.3,7.75,-77.69,11
6444,Tsu,1974,8,18,36,7.1,-38.5,-73.4,
4666,Tsu,1974,10,3,13,8.1,-12.27,-77.79,78
4669,,1974,10,8,47,7.5,17.3,-62,
4677,,1975,1,19,33,6.8,32.46,78.43,47
4680,,1975,2,2,10,7.6,53.11,173.5,
4681,,1975,2,4,33,7.4,40.64,122.58,300
6447,Tsu,1975,3,13,4,6.9,-29.9,-71.3,2
4690,,1975,5,10,6,7.7,-38.18,-73.23,
4691,Tsu,1975,5,26,33,7.7,35.997,-17.649,
6449,Tsu,1975,6,10,15,7,43.024,147.734,
4694,Tsu,1975,7,20,49,7.9,-6.59,155.054,
4695,,1975,7,20,44,7.7,-7.104,155.152,
4702,,1975,10,11,9,7.8,-24.894,-175.119,
4703,Tsu,1975,10,31,50,7.6,12.54,125.993,1
4704,Tsu,1975,11,29,2,7.7,19.451,-155.033,
4705,Tsu,1975,12,26,33,7.8,-16.265,-172.467,
4708,,1976,1,14,69,7.8,-29.208,-177.886,
4709,Tsu,1976,1,14,33,8,-28.427,-177.657,
6450,Tsu,1976,1,21,41,7,44.915,149.123,
4711,Tsu,1976,2,4,5,7.5,15.324,-89.101,23000
4717,,1976,4,8,33,7,40.31,63.77,
4724,,1976,5,17,10,7,40.38,63.47,
4725,,1976,5,29,8,7.3,24.57,98.953,
4726,,1976,5,29,10,7.4,24.531,98.71,
4729,,1976,6,25,33,7.1,-4.603,140.091,6000
4735,,1976,7,27,23,7.5,39.57,117.98,242769
4737,,1976,7,28,26,7.4,39.664,118.401,
4739,Tsu,1976,8,16,33,8,6.292,124.09,1200
7362,,1976,8,17,22,6.8,7.249,122.939,
4746,,1976,10,29,33,7.1,-4.517,139.918,133
4752,,1976,11,24,36,7.3,39.12,44.03,5000
4755,,1976,11,30,82,7.3,-20.52,-68.92,1
4760,,1977,3,4,89,7.5,45.777,26.703,1641
4764,,1977,3,18,37,7.3,16.77,122.33,1
4765,,1977,3,21,29,6.9,27.61,56.39,167
4769,Tsu,1977,4,2,33,7.6,-16.696,-172.095,
6798,Tsu,1977,4,20,33,6.8,-9.828,160.323,34
6797,Tsu,1977,4,20,19,7.6,-9.89,160.348,
4773,,1977,4,20,33,7.5,-9.844,160.822,
4774,Tsu,1977,4,21,33,8.1,-9.965,160.731,18
4777,Tsu,1977,6,22,65,7.2,-22.878,-175.9,1
4779,Tsu,1977,8,19,33,8,-11.085,118.464,
6453,Tsu,1977,10,10,33,7.2,-25.856,-175.406,
4784,,1977,11,23,13,7.4,-31.03,-67.77,70
4789,,1978,2,9,33,7.7,-30.68,-177.36,
4796,Tsu,1978,3,23,46,6.8,44.209,148.971,
4797,Tsu,1978,3,23,33,7.5,44.932,148.439,
4798,Tsu,1978,3,24,33,7.6,44.244,148.862,
4799,,1978,3,24,33,7.1,42.839,78.606,
4806,Tsu,1978,6,12,44,7.7,38.19,142.028,28
6455,Tsu,1978,6,14,24,6.9,8.249,122.403,
6456,Tsu,1978,7,23,17,7.4,22.282,121.512,
4812,,1978,8,3,58,7,-26.51,-70.54,
4815,,1978,9,16,33,7.8,33.386,57.434,20000
4818,,1978,11,1,7,6.8,39.35,72.61,
4819,Tsu,1978,11,29,18,7.7,16.01,-96.591,9
4820,,1978,12,6,91,7.5,44.592,146.581,
4824,,1978,12,23,33,7,23.247,122.075,2
4825,,1979,1,16,33,6.8,33.897,59.472,200
4827,,1979,2,16,53,6.9,-16.39,-72.658,18
6457,Tsu,1979,2,28,18,7.5,60.691,-141.671,
4828,Tsu,1979,3,14,49,7.6,17.813,-101.276,5
4830,Tsu,1979,4,15,10,6.9,42.096,19.209,131
4842,Tsu,1979,9,12,5,7.9,-1.679,136.04,15
4846,,1979,10,12,33,7.5,-46.675,165.707,
4847,,1979,10,15,10,6.9,32.634,-115.324,
4850,,1979,10,27,58,6.8,13.833,-90.881,4
4856,Tsu,1979,11,16,33,6.9,-16.76,-179.984,
4860,,1979,11,27,10,7.5,33.962,59.726,17
4863,Tsu,1979,12,12,33,7.7,1.598,-79.358,600
6459,Tsu,1980,2,23,44,7,43.53,146.753,
4881,,1980,7,8,33,7.5,-12.41,166.381,
4885,Tsu,1980,7,17,33,7.9,-12.525,165.916,
4896,Tsu,1980,10,10,10,7.7,36.195,1.354,5000
4901,,1980,11,8,19,7.2,41.117,-124.253,5
4903,,1980,11,23,20,6.9,40.914,15.366,4689
6460,Tsu,1981,1,18,33,6.9,38.64,142.75,
4911,,1981,1,23,33,6.8,30.927,101.098,150
4920,Tsu,1981,5,25,33,7.6,-48.786,164.357,
4923,,1981,7,28,33,7.1,30.013,57.794,3000
4927,Tsu,1981,9,1,25,7.7,-14.96,-173.085,
4930,,1981,10,16,33,7.5,-33.134,-73.074,1
4932,Tsu,1981,10,25,33,7.3,18.048,-102.084,9
4935,,1981,12,19,10,7.5,39.243,25.227,
4936,Tsu,1982,1,11,46,7.1,13.752,124.358,
4943,,1982,6,7,34,7,16.558,-98.358,9
6601,Tsu,1982,7,23,37,6.8,36.194,141.702,
4948,,1982,8,5,31,7.5,-12.597,165.931,
4958,Tsu,1982,12,19,33,7.7,-24.133,-175.864,
7283,Tsu,1983,1,17,14,7.2,38.026,20.228,
4965,Tsu,1983,3,18,89,7.6,-4.883,153.581,
4972,,1983,4,3,37,7.3,8.717,-83.123,6
4978,Tsu,1983,5,26,24,7.7,40.462,139.102,4
6465,Tsu,1983,6,21,10,6.9,41.346,139.099,
4985,Tsu,1983,8,6,2,7,40.142,24.766,
4991,Tsu,1983,10,4,15,7.3,-26.535,-70.563,5
5677,,1983,10,28,14,7.3,43.974,-113.916,2
4999,,1983,10,30,12,6.9,40.33,42.187,1342
5007,Tsu,1983,11,30,10,7.6,-6.852,72.11,
5018,,1983,12,30,215,7.2,36.372,70.738,26
5024,,1984,2,7,18,7.5,-10.012,160.469,
5028,,1984,3,19,15,7,40.32,63.35,
6466,Tsu,1984,3,24,44,7,44.117,148.192,
6467,Tsu,1984,9,18,48,6.9,34.006,141.5,
6330,Tsu,1984,12,28,33,7,56.2,163.4,
5054,,1985,1,26,5,6.9,-33.053,-68.467,6
5056,Tsu,1985,3,3,40,8,-33.132,-71.708,180
5062,,1985,4,9,38,7.5,-34.131,-71.618,2
5068,,1985,5,10,27,7.1,-5.599,151.045,1
5069,Tsu,1985,7,3,46,7.2,-4.439,152.828,
5072,,1985,8,23,7,7.5,39.431,75.224,71
5076,Tsu,1985,9,19,28,8.1,18.19,-102.533,9500
5078,Tsu,1985,9,21,31,7.6,17.802,-101.647,
5079,,1985,9,27,32,6.9,-9.829,159.854,
5085,,1985,11,17,10,7.1,-1.639,134.911,
5086,,1985,11,28,33,7.6,-13.987,166.185,
5088,,1985,12,21,43,7.6,-13.966,166.516,
5095,Tsu,1986,5,7,19,8,51.52,-174.776,
7877,,1986,6,24,102,7.1,-4.448,143.943,
5107,,1986,8,30,132,6.9,45.547,26.316,2
5115,Tsu,1986,10,20,29,8.1,-28.117,-176.367,
5116,Tsu,1986,11,14,34,7.8,23.901,121.574,15
5126,Tsu,1987,2,8,55,7.6,-6.088,147.689,3
5129,Tsu,1987,3,5,62,7.3,-24.388,-70.161,1
5130,,1987,3,6,10,7.2,0.083,-77.785,5000
5138,,1987,8,8,70,6.9,-19.022,-69.991,5
5140,,1987,9,3,33,7.7,-58.893,158.513,
6470,Tsu,1987,10,6,16,7.3,-17.94,-172.225,
6471,Tsu,1987,10,12,25,6.8,-7.288,154.371,
5147,Tsu,1987,10,16,48,7.7,-6.266,149.06,
6472,Tsu,1987,11,17,10,7.2,58.586,-143.27,
5152,Tsu,1987,11,30,10,7.9,58.679,-142.786,
5159,Tsu,1988,3,6,15,7.8,57.262,-142.747,
5162,Tsu,1988,7,5,53,6.8,-5.964,148.78,
5164,Tsu,1988,8,6,91,7.2,25.149,95.127,38
5165,Tsu,1988,8,10,36,7.6,-10.258,160.896,
5176,,1988,11,6,18,7.3,22.789,99.611,738
5184,,1988,12,7,5,6.8,40.987,44.185,25000
5194,,1989,4,25,19,6.8,16.773,-99.328,3
5198,Tsu,1989,5,23,10,8.2,-52.341,160.568,
6475,Tsu,1989,9,4,11,6.9,55.543,-156.835,
5213,Tsu,1989,10,18,19,6.9,37.036,-121.883,62
5217,Tsu,1989,11,1,29,7.4,39.837,142.76,
5220,,1989,12,15,24,7.5,8.337,126.729,2
7709,,1990,3,3,33,7.6,-22.122,175.163,
5225,Tsu,1990,3,25,22,7,9.919,-84.808,
5229,Tsu,1990,4,5,11,7.5,15.125,147.596,
5231,,1990,4,18,26,7.6,1.186,122.857,3
5233,,1990,4,26,8,6.9,35.986,100.245,126
5237,,1990,5,20,15,7.1,5.121,32.145,31
5239,,1990,5,24,16,7,5.358,31.848,
5245,,1990,6,14,18,7.1,11.76,121.899,4
5246,,1990,6,14,58,6.8,47.869,85.076,1
5248,,1990,6,20,19,7.7,36.957,49.409,50000
5253,,1990,7,16,25,7.8,15.679,121.172,2412
5265,,1990,11,15,48,6.8,3.908,97.457,1
8958,,1990,12,30,179,7.5,-5.097,150.967,
5272,,1991,1,5,20,7.1,23.613,95.901,
6478,Tsu,1991,2,9,10,6.9,-9.929,159.139,
5282,Tsu,1991,4,22,10,7.6,9.685,-83.073,87
5286,,1991,4,29,17,7,42.453,43.673,270
5294,,1991,6,20,31,7.5,1.196,122.787,
6481,Tsu,1991,10,14,23,7.2,-9.094,158.442,
5307,,1991,10,19,10,7,30.78,78.774,2000
6482,Tsu,1991,12,22,24,7.6,45.533,151.021,
5317,,1992,3,13,27,6.9,39.71,39.605,653
5321,Tsu,1992,4,25,15,7.1,40.368,-124.316,
5324,Tsu,1992,5,17,33,7.5,7.191,126.762,
5327,,1992,5,25,23,7,19.613,-77.872,
6331,Tsu,1992,5,27,19,7,-11.122,165.239,
5328,,1992,6,28,1,7.6,34.201,-116.436,3
6484,Tsu,1992,7,18,29,7,39.419,143.33,
5332,,1992,8,19,27,7.5,42.142,73.575,75
5335,Tsu,1992,9,2,40,7.7,11.727,-87.386,
5338,,1992,9,11,11,7,-6.087,26.651,8
5341,,1992,10,17,14,7,6.845,-76.806,
5342,,1992,10,18,10,7.4,7.075,-76.862,11
5343,Tsu,1992,12,12,28,7.8,-8.48,121.896,1000
5344,,1993,1,15,102,7.6,43.3,143.691,2
5354,Tsu,1993,6,8,71,7.5,51.218,157.829,
5357,Tsu,1993,7,12,17,7.7,42.851,139.197,23
5360,Tsu,1993,8,8,59,7.8,12.982,144.801,
5362,,1993,9,10,34,7.2,14.717,-92.645,1
5366,,1993,10,13,25,6.9,-5.889,146.02,60
6487,Tsu,1993,11,13,34,7,51.934,158.647,
5375,Tsu,1994,1,21,20,7,1.015,127.733,9
5379,,1994,2,15,23,6.9,-4.967,104.302,207
5383,,1994,3,9,563,7.6,-18.039,-178.413,
5385,Tsu,1994,6,2,18,7.8,-10.477,112.835,
5387,,1994,6,6,12,6.8,2.917,-76.057,650
5388,,1994,6,9,631,8.2,-13.841,-67.553,5
5389,,1994,6,18,14,6.8,-42.963,171.658,
6488,Tsu,1994,9,1,10,7,40.402,-125.68,
5392,Tsu,1994,10,4,14,8.3,43.773,147.321,11
5393,Tsu,1994,10,8,17,6.8,-1.258,127.98,1
6605,Tsu,1994,10,9,33,7.3,43.905,147.916,
5394,Tsu,1994,11,14,32,7.1,13.525,121.067,81
5397,Tsu,1994,12,28,27,7.8,40.525,143.419,3
5399,Tsu,1995,1,16,22,6.9,34.583,135.018,5502
5403,,1995,2,5,21,7.1,-37.759,178.752,
6491,,1995,3,19,33,6.9,-4.183,135.109,
5407,Tsu,1995,4,7,21,7.4,-15.199,-173.529,
6492,Tsu,1995,4,21,21,7.2,12.059,125.58,
6493,Tsu,1995,4,21,23,6.8,12.047,125.92,
5410,Tsu,1995,5,14,13,6.9,-8.452,125.049,
5411,Tsu,1995,5,16,20,7.7,-23.008,169.9,
5412,Tsu,1995,5,27,11,7.1,52.629,142.827,1989
5414,,1995,7,11,13,6.8,21.966,99.196,11
5416,Tsu,1995,7,30,46,8,-23.34,-70.294,3
5417,Tsu,1995,8,16,30,7.7,-5.799,154.178,
5418,Tsu,1995,9,14,23,7.4,16.779,-98.597,3
5420,,1995,10,3,24,7,-2.75,-77.881,2
5422,,1995,10,6,33,6.8,-2.045,101.436,84
5423,Tsu,1995,10,9,33,8,19.055,-104.205,49
6495,Tsu,1995,10,18,28,7.1,27.929,130.175,
6496,Tsu,1995,10,19,20,6.8,28.094,130.148,
5426,Tsu,1995,11,22,10,7.2,28.826,34.799,12
5427,Tsu,1995,12,3,33,7.9,44.663,149.3,
5428,Tsu,1996,1,1,24,7.9,0.729,119.931,
5433,Tsu,1996,2,17,33,8.2,-0.891,136.952,54
5435,Tsu,1996,2,21,10,7.5,-9.593,-79.587,
6497,Tsu,1996,2,25,21,7.1,15.978,-98.07,
5438,,1996,4,29,44,7.2,-6.518,154.999,1
5440,Tsu,1996,6,10,33,7.9,51.564,-177.632,
6498,Tsu,1996,6,10,24,7.3,51.478,-176.847,
6500,Tsu,1996,9,5,10,6.9,-22.118,-113.436,
10233,Tsu,1996,9,5,20,6.8,21.898,121.498,
5442,Tsu,1996,11,12,33,7.7,-14.993,-75.675,14
5444,,1997,1,11,33,7.2,18.219,-102.756,1
5449,,1997,2,27,33,7.1,29.976,68.208,60
5458,Tsu,1997,4,21,33,7.7,-12.584,166.676,
5461,,1997,5,10,10,7.2,33.825,59.809,1728
5467,Tsu,1997,7,9,20,7,10.598,-63.486,81
6820,Tsu,1997,10,14,167,7.7,-22.101,-176.772,
5475,,1997,10,15,58,7.1,-30.933,-71.22,8
5476,,1997,11,8,33,7.5,35.069,87.325,
5479,,1997,11,25,24,7,1.241,122.536,
5480,Tsu,1997,12,5,33,7.8,54.841,162.035,
5489,Tsu,1998,3,25,10,8.1,-62.877,149.527,
6502,Tsu,1998,5,3,33,7.5,22.306,125.308,
5501,Tsu,1998,7,17,25,7,-2.943,142.582,
5502,,1998,8,4,33,7.2,-0.593,-80.393,3
5510,Tsu,1998,11,29,33,7.7,-2.071,124.891,41
5520,,1999,4,3,87,6.8,-16.66,-72.662,1
5523,,1999,6,15,70,7,18.386,-97.436,20
5527,Tsu,1999,8,17,13,7.6,40.76,29.97,17118
5535,,1999,9,20,33,7.7,23.772,120.982,2297
5537,,1999,9,30,61,7.5,16.059,-96.931,35
5538,,1999,10,16,,7.2,34.594,-116.271,
5543,,1999,11,12,10,7.2,40.758,31.161,894
5545,Tsu,1999,11,26,33,7.5,-16.423,168.214,5
5548,,1999,12,11,33,7.3,15.766,119.74,5
5556,,2000,3,28,127,7.6,22.338,143.73,
5557,Tsu,2000,5,4,26,7.6,-1.105,123.573,46
5560,,2000,6,4,33,7.9,-4.721,102.087,103
5565,Tsu,2000,6,18,10,7.9,-13.802,97.453,
5574,,2000,8,4,10,6.8,48.786,142.246,
5581,Tsu,2000,11,16,33,8,-3.98,152.169,2
5582,,2000,11,16,30,7.8,-5.233,153.102,
5583,,2000,11,17,33,7.8,-5.496,151.781,
5584,,2000,11,25,50,6.8,40.245,49.946,31
5585,,2000,12,6,30,7,39.566,54.799,11
8952,,2001,1,1,33,7.5,6.898,126.579,
5587,Tsu,2001,1,13,60,7.7,13.049,-88.66,844
5589,,2001,1,26,16,7.7,23.419,70.232,20005
5595,,2001,2,28,52,6.8,47.149,-122.727,1
5596,,2001,3,24,50,6.8,34.083,132.526,2
5601,Tsu,2001,6,23,33,8.4,-16.265,-73.641,77
5604,,2001,7,7,33,7.6,-17.543,-72.077,1
5609,,2001,10,12,37,7,12.686,144.98,
5610,,2001,10,19,33,7.5,-4.102,123.907,
5612,,2001,11,14,10,7.8,35.946,90.541,
6613,Tsu,2001,12,18,14,6.8,23.954,122.734,
5614,Tsu,2002,1,2,21,7.2,-17.6,167.856,
5624,,2002,3,3,226,7.4,36.502,70.482,166
5625,Tsu,2002,3,5,31,7.5,6.033,124.249,15
5627,Tsu,2002,3,31,33,7.1,24.279,122.179,5
5635,,2002,4,26,86,7.1,13.088,144.619,
8953,,2002,8,19,580,7.7,-21.696,-179.513,
8954,,2002,8,19,675,7.7,-23.884,178.495,
5649,Tsu,2002,9,8,13,7.6,-3.302,142.945,4
5656,Tsu,2002,10,10,10,7.6,-1.757,134.297,8
5662,,2002,11,2,30,7.3,2.824,96.085,3
5663,,2002,11,3,5,7.9,63.517,-147.444,
5672,Tsu,2003,1,20,33,7.3,-10.491,160.77,
5673,Tsu,2003,1,22,24,7.5,18.77,-104.104,29
5694,Tsu,2003,5,21,12,6.8,36.964,3.634,2266
5695,,2003,5,26,68,7,38.849,141.568,
5696,,2003,5,26,31,7,2.354,128.855,1
5688,,2003,6,20,33,6.8,-30.608,-71.637,
5706,,2003,7,15,10,7.6,-2.598,68.382,
5712,,2003,8,4,10,7.6,-60.532,-43.411,
5719,Tsu,2003,8,21,28,7.2,-45.104,167.144,
5724,Tsu,2003,9,25,27,8.3,41.815,143.91,
5725,,2003,9,27,16,7.3,50.038,87.813,3
6610,Tsu,2003,10,31,10,7,37.812,142.619,
5735,Tsu,2003,11,17,33,7.8,51.146,178.65,
5746,,2003,12,10,10,6.8,23.039,121.362,
5758,,2004,2,5,17,7,-3.615,135.538,37
5759,,2004,2,7,10,7.3,-4.003,135.023,
5798,Tsu,2004,9,5,14,7.2,33.07,136.618,
5799,Tsu,2004,9,5,10,7.4,33.184,137.071,
5810,Tsu,2004,11,11,10,7.5,-8.152,124.868,34
5811,,2004,11,15,15,7.2,4.695,-77.508,
5815,Tsu,2004,11,22,10,7.1,-46.676,164.721,
5817,,2004,11,26,10,7.1,-3.609,135.404,32
5818,Tsu,2004,11,28,39,7,43.006,145.119,
5833,,2004,12,6,35,6.8,42.9,145.228,
5835,Tsu,2004,12,23,10,8.1,-49.312,161.345,
5823,Tsu,2004,12,26,30,9.1,3.316,95.854,1001
6657,Tsu,2005,3,28,30,8.6,2.085,97.108,1303
8135,,2005,6,13,116,7.7,-19.987,-69.197,11
6738,Tsu,2005,6,15,10,7.2,41.301,-125.97,
6762,,2005,7,24,16,7.2,7.92,92.19,
6739,Tsu,2005,8,16,36,7.2,38.276,142.039,
6775,,2005,9,9,90,7.7,-4.539,153.474,
6776,,2005,9,26,115,7.5,-5.678,-76.398,5
6778,,2005,10,8,26,7.6,34.539,73.588,86000
6827,Tsu,2005,11,14,11,7,38.107,144.896,
6830,,2005,12,5,22,6.8,-6.224,29.83,6
8956,,2006,1,27,397,7.6,-5.473,128.131,
7225,,2006,2,22,11,7,-21.324,33.583,4
7241,,2006,4,20,22,7.6,60.949,167.089,
7078,Tsu,2006,5,3,55,7.9,-20.187,-174.123,
7181,Tsu,2006,7,17,34,7.7,-9.254,107.411,
7369,Tsu,2006,9,28,28,6.9,-16.592,-172.033,
7406,Tsu,2006,11,15,10,8.3,46.592,153.266,
7413,Tsu,2006,12,26,10,7,21.799,120.547,2
7415,Tsu,2007,1,13,10,8.1,46.243,154.524,
7456,,2007,1,21,22,7.5,1.065,126.282,4
7459,Tsu,2007,3,25,34,7.1,-20.617,169.357,
7457,Tsu,2007,4,1,24,8.1,-8.466,157.043,54
7599,,2007,7,26,25,6.9,2.872,127.464,
7600,,2007,8,1,120,7.2,-15.595,167.68,
7533,,2007,8,8,289,7.5,-5.968,107.655,
7537,Tsu,2007,8,15,39,8,-13.386,-76.603,514
8136,Tsu,2007,9,2,35,7.2,-11.61,165.762,
7695,,2007,9,10,31,6.8,2.982,-77.967,
7574,Tsu,2007,9,12,34,8.4,-4.438,101.367,25
7575,,2007,9,12,35,7.9,-2.625,100.841,
8957,,2007,9,28,260,7.5,22.013,142.668,
7594,Tsu,2007,9,30,10,7.4,-49.418,163.954,
7696,,2007,10,15,26,6.8,-44.785,167.583,
7634,Tsu,2007,11,14,40,7.7,-22.247,-69.89,2
7702,,2007,11,16,123,6.8,-2.312,-77.838,
7675,Tsu,2007,11,29,156,7.4,14.944,-61.274,1
7694,Tsu,2007,12,9,153,7.8,-25.996,-177.514,
7870,,2008,2,20,26,7.4,2.768,95.964,3
7875,,2008,3,20,10,7.2,35.49,81.467,
7800,Tsu,2008,4,9,33,7.3,-20.071,168.892,
8130,,2008,5,7,39,6.8,36.158,141.521,
7843,Tsu,2008,5,12,19,7.9,31.002,103.322,87652
7907,,2008,6,13,8,6.9,39.03,140.881,13
8955,,2008,7,5,633,7.7,53.882,152.886,
7971,Tsu,2008,7,19,22,6.9,37.552,142.214,
8164,,2008,7,23,108,6.8,39.802,141.464,1
8134,Tsu,2008,9,11,25,6.8,41.892,143.754,
8191,Tsu,2008,11,16,30,7.3,1.271,122.091,6
8204,Tsu,2009,1,3,17,7.6,-0.414,132.885,5
8211,Tsu,2009,1,3,23,7.3,-0.691,133.305,
8250,Tsu,2009,1,15,36,7.4,46.857,155.154,
8251,Tsu,2009,2,11,22,7.2,3.884,126.397,
8259,Tsu,2009,3,19,34,7.6,-23.046,-174.659,
8297,Tsu,2009,5,28,10,7.3,16.72,-86.236,7
8357,Tsu,2009,7,15,12,7.8,-45.762,166.562,
8378,Tsu,2009,8,10,5,7.5,14.099,92.888,
8386,,2009,9,2,46,7,-7.782,107.297,81
8408,Tsu,2009,9,29,18,8.1,-15.489,-172.095,
8409,Tsu,2009,9,30,81,7.5,-0.72,99.867,1117
8410,Tsu,2009,10,7,45,7.6,-13.006,166.51,
8572,,2009,10,7,35,7.8,-12.517,166.382,
8673,Tsu,2010,1,3,25,7.1,-8.799,157.346,
8692,Tsu,2010,1,5,15,6.8,-9.019,157.551,
8732,Tsu,2010,1,12,13,7,18.457,-72.533,316000
9032,Tsu,2010,2,26,25,7,25.93,128.425,
8872,Tsu,2010,2,27,23,8.8,-36.122,-72.898,402
8912,Tsu,2010,3,11,11,6.9,-34.29,-71.891,
8932,,2010,4,4,4,7.2,32.297,-115.278,2
8973,Tsu,2010,4,6,31,7.8,2.383,97.048,
8972,,2010,4,13,17,6.9,33.165,96.548,2220
9092,,2010,5,9,38,7.2,3.748,96.018,
9252,Tsu,2010,6,12,35,7.5,7.881,91.936,
9292,,2010,6,16,18,7,-2.174,136.543,17
9432,,2010,7,23,586,7.6,6.486,123.467,
9452,Tsu,2010,8,10,25,7.2,-17.541,168.069,
9770,,2010,8,12,207,7.1,-1.266,-77.306,
9612,Tsu,2010,8,13,10,6.9,12.484,141.476,
9492,,2010,9,3,12,7,-43.522,171.83,
9592,Tsu,2010,10,25,20,7.8,-3.487,100.082,
9759,Tsu,2010,12,21,14,7.4,26.901,143.698,
9761,Tsu,2010,12,25,16,7.3,-19.702,167.947,
9763,,2011,1,18,68,7.2,28.777,63.951,3
9776,Tsu,2011,2,11,28,6.8,-36.474,-73.125,
9797,Tsu,2011,3,9,32,7.5,38.435,142.842,
9799,Tsu,2011,3,11,30,9.1,38.297,142.372,1476
9805,,2011,3,11,43,7.9,36.281,141.111,
9806,,2011,3,11,19,7.6,38.058,144.59,
9801,,2011,3,24,8,6.8,20.687,99.822,75
9804,Tsu,2011,4,7,42,7.1,38.276,141.588,3
9824,Tsu,2011,6,24,52,7.3,52.05,-171.836,
9822,Tsu,2011,7,6,17,7.6,-29.539,-176.34,
9823,Tsu,2011,7,10,23,7,38.034,143.264,
9838,Tsu,2011,8,20,32,7.1,-18.365,168.143,
9837,Tsu,2011,8,20,28,7,-18.311,168.218,
9839,Tsu,2011,9,2,32,6.8,52.171,-171.708,
9842,,2011,9,18,50,6.9,27.73,88.155,111
9846,Tsu,2011,10,21,33,7.4,-28.993,-176.238,
9845,,2011,10,23,16,7.1,38.722,43.513,604
9886,,2011,10,28,24,6.9,-14.438,-75.966,1
9871,Tsu,2012,2,2,23,7,-17.827,167.133,
9878,Tsu,2012,3,14,12,6.9,40.887,144.944,
9876,Tsu,2012,3,20,20,7.4,16.493,-98.231,2
9920,,2012,3,25,41,7.2,-35.2,-72.217,1
9879,Tsu,2012,4,11,20,8.6,2.327,93.063,10
9880,Tsu,2012,4,11,25,8.2,0.802,92.463,
9929,,2012,8,14,583,7.7,49.8,145.064,
9934,Tsu,2012,8,27,28,7.3,12.139,-88.59,
9935,Tsu,2012,8,31,28,7.6,10.811,126.638,1
9936,Tsu,2012,9,5,35,7.6,10.085,-85.315,2
9941,Tsu,2012,10,28,14,7.7,52.788,-132.101,
9942,Tsu,2012,11,7,24,7.3,13.988,-91.895,48
9943,,2012,11,11,14,6.8,23.005,95.885,26
9946,Tsu,2012,12,7,31,7.2,37.89,143.949,
9953,Tsu,2013,1,5,10,7.5,55.393,-134.652,
9958,Tsu,2013,2,6,24,7.9,-10.799,165.114,
9963,Tsu,2013,2,8,21,7,-10.928,166.018,
9964,,2013,2,9,145,7,1.135,-77.393,
9976,,2013,4,16,80,7.7,28.033,61.996,40
9977,Tsu,2013,4,19,110,7.2,46.221,150.788,
9998,,2013,5,24,598,8.3,54.892,153.221,
10039,Tsu,2013,9,24,15,7.7,26.971,65.52,386
10040,,2013,9,25,46,7,-15.851,-74.562,
10043,,2013,9,28,15,6.8,27.263,65.587,22
10048,,2013,10,15,20,7.1,9.866,124.011,186
10052,Tsu,2013,10,25,26,7.1,37.149,144.679,
10054,,2013,11,17,10,7.8,-60.296,-46.362,
10073,,2014,2,12,10,6.9,35.922,82.549,
10079,Tsu,2014,4,1,20,8.2,-19.642,-70.817,7
10080,Tsu,2014,4,3,40,7.6,-20.4,-70.135,
10084,Tsu,2014,4,12,29,7.6,-11.315,162.211,
10085,Tsu,2014,4,13,35,7.4,-11.451,162.069,
10088,,2014,4,18,24,7.2,17.552,-100.816,
10091,Tsu,2014,4,19,31,7.5,-6.72,154.931,
10096,,2014,5,24,10,6.9,40.305,25.453,3
10101,Tsu,2014,6,23,20,6.9,-30.118,-177.67,
10100,Tsu,2014,6,23,108,7.9,51.797,178.76,
10102,,2014,7,7,60,6.9,14.742,-92.409,5
10115,Tsu,2014,10,9,16,7.1,-32.115,-110.779,
10193,Tsu,2014,10,14,40,7.3,12.526,-88.123,1
10119,Tsu,2014,11,15,35,7.1,1.928,126.547,
10133,Tsu,2015,3,29,40,7.5,-4.76,152.556,
10134,,2015,4,25,15,7.8,28.147,84.708,8200
10139,Tsu,2015,5,5,42,7.5,-5.465,151.886,
10141,,2015,5,12,15,7.3,27.837,86.077,117
10143,,2015,5,30,678,7.8,27.831,140.493,
10146,Tsu,2015,7,18,10,7,-10.444,165.172,
10157,Tsu,2015,7,27,29,6.9,52.376,-169.446,
10149,,2015,7,27,48,7,-2.683,138.508,
10156,Tsu,2015,9,16,22,8.3,-31.573,-71.674,7
10159,,2015,10,26,213,7.5,36.441,70.717,300
10162,Tsu,2015,11,11,10,6.9,-29.439,-72.105,
10166,,2015,11,24,612,7.6,-10.047,-71.023,
10165,,2015,11,24,601,7.6,-10.548,-70.904,
10168,,2015,12,7,26,7.2,38.258,72.767,2
10172,,2016,1,24,128,7.1,59.658,-153.452,
10175,Tsu,2016,3,2,24,7.8,-4.908,94.275,
10177,,2016,4,15,10,7,32.782,130.726,50
10176,,2016,4,16,21,7.8,0.382,-79.922,662
10179,Tsu,2016,4,28,27,7,-16.074,167.393,
10181,,2016,5,18,31,6.8,0.465,-79.641,1
10188,,2016,7,29,212,7.7,18.515,145.529,
10190,Tsu,2016,8,12,10,7.2,-22.495,173.111,
10192,Tsu,2016,8,19,10,7.4,-55.279,-31.874,
10195,,2016,8,24,84,6.8,20.919,94.579,3
10196,Tsu,2016,9,1,19,7.1,-37.401,179.055,
10206,Tsu,2016,11,13,53,7.8,-42.757,173.077,2
10209,Tsu,2016,11,21,11,6.9,37.392,141.403,
10211,Tsu,2016,11,24,10,7,11.96,-88.835,
10218,,2016,12,8,41,7.8,-10.665,161.335,1
10219,Tsu,2016,12,9,21,6.9,-10.73,161.107,
10220,Tsu,2016,12,17,103,7.9,-4.509,153.45,
10224,Tsu,2016,12,25,35,7.6,-43.416,-73.88,
10225,Tsu,2017,1,3,17,6.9,-19.326,176.053,
10235,Tsu,2017,1,22,136,7.9,-6.214,155.122,